App,Average_Sentiment_Polarity
BaBe+ - Berita Indonesia,0.1828125
Basketball Stars,0.01241876016675123
Davis's Drug Guide for Nurses,0.02361111111111111
Find&Save - Local Shopping,0.06738535224695939
Google Chrome: Fast & Secure,0.0
Bloomberg Professional,-0.02335272366522368
Blue CareOnDemand,0.0
Floor Plan Creator,0.24476931517556522
Galaxy Gift,0.0
Happy Fruits Bomb - Cube Blast,0.014951749639249634
Bagan - Myanmar Keyboard,0.23101109307359308
Candy Pop Story,0.04241514756944446
Classic Calculator,0.0
Cricbuzz - Live Cricket Scores & News,0.09216141323953823
Girls' Frontline,0.0
Google Earth,0.09015695217480932
Homework Planner,0.25670934230699854
"AOL - News, Mail & Video",0.0760501443001443
Collage&Add Stickers papelook,0.0
Epocrates Plus,0.2995946969696969
File Explorer,0.14926011904761904
Arrow.io,0.07670126488095237
CALCU‚Ñ¢ Stylish Calculator Free,0.334968253968254
FilterGrid - Cam&Photo Editor,0.08105995220057724
Golf GPS Rangefinder: Golf Pad,0.25906926406926406
BELONG Beating Cancer Together,0.3330537292568543
Bubble Shooter,0.14210522290209787
Football Live Scores,0.3442720057720058
All-in-One Mahjong 3 FREE,0.0125
Amazon Shopping,0.047211995832283526
Basketball FRVR - Shoot the Hoop and Slam Dunk!,0.08965625
"CM Launcher 3D - Theme, Wallpapers, Efficient",0.1271155303030303
Dog Licks Screen Wallpaper,0.19146275816197691
Dream League Soccer 2018,-1.1101662887377794E-5
Drugs.com Medication Guide,0.2411697394041144
"Emoji keyboard - Cute Emoticons, GIF, Stickers",0.0
Food Calorie Calculator,0.08732358523119392
Dude Perfect 2,0.09618400386320033
ColorFil - Adult Coloring Book,0.14889719215969216
Drawing for Kids Learning Games for Toddlers age 3,0.009666666666666667
Fast Scanner : Free PDF Scan,0.2895834235209235
"Fabulous: Motivate Me! Meditate, Relax, Sleep",0.09599797104763623
A+ Mobile,0.27685750000000003
Blood Donor,0.1944659123118945
Buienradar - weer,0.06031578881188256
Calculator with Percent (Free),0.001598639455782313
Calorie Counter by FatSecret,0.0
Domino's Pizza USA,0.13185769901394903
Dropbox,0.2245139988050145
2GIS: directory & navigator,0.20763380456349206
Alarm Clock,0.15720055465367969
Barbie Life‚Ñ¢,0.07724116161616161
Baseball Boy!,0.012272397197141408
Cover Fire: offline shooting games for free,0.0
Drawing Clothes Fashion Ideas,0.0
"FIFA - Tournaments, Soccer News & Live Scores",0.06655176767676768
Fast Secure VPN,0.1596284338924963
Dr. Panda Town: Vacation,0.0812062562884706
DraftKings - Daily Fantasy Sports,0.28110019841269845
English Persian Dictionary,0.0
Evie Launcher,0.22505091903659613
Farm Heroes Saga,-0.005905265930407979
File Browser by Astro (File Manager),0.03359753787878788
BBVA Spain,0.4249457070707071
Banco Ita√∫,0.09894103986291485
Colorfy: Coloring Book for Adults - Free,0.04444563485161379
CompTIA Exam Training,0.0
Housing-Real Estate & Property,-0.011249165764790769
7 Minute Workout,0.11282638888888888
8 Ball Pool,9.139652272915792E-4
BBC News,0.05092449795574796
CMB Free Dating App,0.2473245958737031
Championat,0.18750450186387685
Cooking Fever,-0.03816087521094945
Cricket Visual Voicemail,0.059710925152889435
Funny Quotes Free,0.0
Google Play Books,0.0
Home Street ‚Äì Home Design Game,0.06631528186716606
4K Wallpapers and Ultra HD Backgrounds,0.040348800505050506
BEST CAR SOUNDS,0.2647639182522903
Christian Dating For Free App,0.0833798332952327
Cool Popular Ringtones 2018 üî•,0.18313639322916667
Crazy Colors: Bubbles Matching,0.0
Diabetes:M,0.310018705946831
Google Analytics,0.0
Home Security Camera WardenCam - reuse old phones,0.13094728535353536
Earn to Die 2,0.0
Goldstar: Live Event Tickets,0.5492664141414142
All Email Providers,0.026875000000000003
Birdays ‚Äì Birthday reminder,0.3001081574675325
Clash Royale,0.06526281139945914
Email TypeApp - Mail App,0.0
Free Book Reader,0.0
Harkins Theatres,0.04875443557364944
Brilliant,0.08822502480158731
Choice Hotels,0.07469742063492063
Flightradar24 Flight Tracker,0.15651853354978354
Healthy Recipes Free,0.39330906385281394
Home Scouting¬Æ MLS Mobile,0.0727486471861472
Blur Image Background Editor (Blur Photo Editor),0.22728219696969698
Cut the Rope 2,0.13344789201539206
BankMobile Vibe App,0.20323638167388172
"BuzzFeed: News, Tasty, Quizzes",0.17270882936507942
"CBS Sports App - Scores, News, Stats & Watch Live",0.0932886961129149
"Calm - Meditate, Sleep, Relax",0.23134952435956907
G Cloud Backup,0.20603918650793646
Google PDF Viewer,0.10041042117604619
Boys Photo Editor - Six Pack & Men's Suit,0.2693333333333333
Cute wallpapers & kawaii backgrounds images,0.0
Frontback - Social Photos,0.18638683712121207
Camera MX - Free Photo & Video Camera,0.0
Deep Sleep and Relax Hypnosis,0.0
Extreme Match,0.163350220959596
Hotels.com: Book Hotel Rooms & Find Vacation Deals,0.08700132463023089
Accounting App - Zoho Books,0.39818973214285713
Air Traffic,0.16205241026334777
Burner - Free Phone Number,0.009795138888888884
Funny Alarm Clock Ringtones,0.07315693204365079
Financial Times,0.13847984307359307
Gay Sugar Daddy Dating & Hookup ‚Äì Sudy Gay,0.1930520833333333
Golfshot Plus: Golf GPS,0.38617936958874466
HBO NOW: Stream TV & Movies,0.0
HD Camera Ultra,0.06961440091819555
HomeAway Vacation Rentals,0.0
Brightest Flashlight Free ¬Æ,0.061571428571428576
Chrome Dev,0.32833606902356904
DuraSpeed,-0.03332106782106782
Ecobank Mobile Banking,-0.014905197811447812
GPS Map Free,0.017499999999999998
Brain Waves - Binaural Beats,0.22173148899711398
DIY On A Budget,0.3674120952831891
E*TRADE Mobile,0.12261873121091871
FOSSIL Q: DESIGN YOUR DIAL,0.2397669880624426
Box,0.38600049603174597
Crackle - Free TV & Movies,0.0
Device Help,0.07523748647186149
ESPN Fantasy Sports,0.0
"Easy - taxi, car, ridesharing",0.1367628427128427
EasyBib: Citation Generator,0.07969841269841269
Gboard - the Google Keyboard,0.05854468982984612
Google Fit - Fitness Tracking,0.1300530303030303
"AVG Cleaner ‚Äì Speed, Battery & Memory Booster",0.23204503968253962
Cheapflights ‚Äì Flight Search,0.4113645833333332
DMV Permit Practice Test 2018 Edition,0.2513112731266749
El tiempo de AEMET,0.06562991522366522
Call Blocker,0.0010489718614718612
Gems or jewels ?,0.13670299535533909
Google Allo,0.0
Hill Climb Racing 2,0.12971261392814704
Brightest LED Flashlight,0.1496795634920635
CIA - Caller ID & Call Blocker,0.07623511904761904
Candy Crush Jelly Saga,-0.08425510123557
Fotor Photo Editor - Photo Collage & Photo Effects,0.0
591ÊàøÂ±ã‰∫§Êòì-ÁßüÂ±ã„ÄÅ‰∏≠Âè§Â±ã„ÄÅÊñ∞Âª∫Ê°à„ÄÅÂØ¶ÂÉπÁôªÈåÑ„ÄÅÂà•Â¢ÖÈÄèÂ§©„ÄÅÂÖ¨ÂØìÂ•óÊàø„ÄÅÊç∑ÈÅã„ÄÅË≤∑ÊàøË≥£ÊàøË°åÊÉÖ„ÄÅÊàøÂÉπÊàøË≤∏Êü•Ë©¢,0.030297154017857143
ABC News - US & World News,-0.0221707758387446
Anime Avatar Creator: Make Your Own Avatar,0.14151040056173986
Cooking Channel,0.35491847041847047
DaBang - Rental Homes in Korea,0.0
Family Album Mitene: Private Photo & Video Sharing,0.4217728944955509
Free Sports TV,0.1129400432900433
Animal Jam - Play Wild!,0.0
Bank of America Mobile Banking,0.1265388244691816
"Bleacher Report: sports news, scores, & highlights",0.0
FollowMyHealth¬Æ,0.17513485897212258
Blogaway for Android (Blogger),0.1775290404040404
Camera360 Lite - Selfie Camera,0.0
"CheapTickets ‚Äì Hotels, Flights & Travel Deals",0.272134021577381
CompTIA A+ Pocket Prep,0.0
HTC Lock Screen,0.02835723304473305
Android Messages,0.03802996999383718
Brit + Co,0.049249864718614714
"CM Flashlight (Compass, SOS)",0.055625
Capitec Remote Banking,0.0
English-Myanmar Dictionary,0.3738377525252524
Flickr,0.12866474266474268
Brasileir√£o Pro 2018 - S√©rie A e B,0.5508720238095239
Contacts,0.005802941385251652
Diamond Zipper Lock Screen,0.13577083333333334
Dictionary - Merriam-Webster,0.04774621212121211
Hacker's Keyboard,0.245997471390308
AT&T Visual Voicemail,0.01170346320346321
Advanced Task Killer,0.052069320436507936
Anger of stick 5 : zombie,0.003583333333333333
Beauty Makeup ‚Äì Photo Makeover,0.0
Fancy Widgets,0.08568540581292206
Free Dating App & Flirt Chat - Match with Singles,0.2802499999999999
GANMA! - „Ç™„É™„Ç∏„Éä„É´Êº´Áîª„ÅåÂÖ®Ë©±ÁÑ°Êñô„ÅßË™≠„ÅøÊîæÈ°å,0.2260446047008547
Garden Coloring Book,0.24163460497835498
Draw a Stickman: EPIC 2,9.999999999999998E-4
Facebook Pages Manager,-0.05192031926406926
"GolfNow: Tee Time Deals at Golf Courses, Golf GPS",0.15155194196356309
HTC Mail,0.07874792828699079
Home Workout for Men - Bodybuilding,0.3402421875
Alto's Adventure,0.03015216356584449
Banfield Pet Health Tracker,0.06858962088258966
Flippy Campus - Buy & sell on campus at a discount,0.33599134199134195
850 Sports News Digest,0.5292882543547723
ANA,-0.015917410714285714
C Programming,0.2206984352453103
ColorNote Notepad Notes,0.25518698327076833
Angry Birds Classic,-0.01461651527802145
BetterMe: Weight Loss Workouts,0.2591046735382673
CVS Caremark,0.18711032196969699
Comedy Central,0.17694897637085136
Essential Anatomy 3,0.2030167373136124
Everlance: Free Mileage Log,0.0
Galactic Core Free Wallpaper,0.2088938116281866
AutoCAD - DWG Viewer & Editor,0.11444663149350649
CATS: Crash Arena Turbo Stars,0.017614905317216243
Discover Mobile,-0.0010416666666666667
Dragon Hills,0.015127694354256852
"Eve Period Tracker - Love, Sex & Relationships App",0.32827386025432903
Animated Photo Editor,0.255375
Backgrounds HD (Wallpapers),0.26540692640692637
BukuBayi - Perkembangan Bayi,0.20485227272727272
"Calculator - free calculator, multi calculator app",-0.003749999999999999
Canvas Student,0.0125
Checkout 51: Grocery coupons,0.028271998256373252
Extreme Racing 2 - Real driving RC cars game!,0.021300595238095233
"GO Keyboard - Emoticon keyboard, Free Theme, GIF",0.25363834776334776
ABC Kids - Tracing & Phonics,0.3401874098124098
Alfred Home Security Camera,0.2531806818181819
Block Puzzle Classic Legend !,0.13581628787878788
Hemnet,0.0
Be A Legend: Soccer,-0.0972655883267072
C++ Programming,0.17680594448953826
"CM Browser - Ad Blocker , Fast Download , Privacy",6.250000000000006E-4
"Club Factory Everything, Unbeaten Price",0.0
Hotstar,0.0180422609384663
Barbie‚Ñ¢ Fashion Closet,0.046777777777777765
Draw Your Game,-0.013369791666666665
Fantasy Football,0.05397579590548339
"Hide Something - Photo, Video",0.18053267609126986
Horses Live Wallpaper,0.285003382034632
"All Football GO- Live Score, Games",0.47386363636363626
Birds Sounds Ringtones & Wallpapers,0.32447916666666676
Glow Hockey,0.0
High-Powered Flashlight,0.2881137028769841
2ndLine - Second Phone Number,0.16896820887445888
Blackpink as if it's your last,0.0
Cameringo Lite. Filters Camera,0.08665527343749999
Citizens Bank Mobile Banking,0.004620411706349206
Compass,0.0
Dr. Panda & Toto's Treehouse,0.1562130146329365
Fitbit Coach,0.0
Foursquare Swarm: Check In,-0.04519638347763349
GPS Traffic Speedcam Route Planner by ViaMichelin,0.2452300943104515
Google Calendar,0.0
CW Seed,0.2750124007936508
Digital Alarm Clock,0.24216203656731
Droid Zap by Motorola,-0.02487071608946609
Girls Online Talk - Free Text and Video Chat,0.0
GlassesOff,0.0
Bike Computer - GPS Cycling Tracker,0.27492894345238095
CBS News,0.0
HTC Social Plugin - Facebook,-0.04610678488110741
"HelloTalk ‚Äî Chat, Speak & Learn Foreign Languages",0.007587239583333333
Adult Glitter Color by Number Book - Sandbox Pages,0.0
Apk Installer,0.13089393939393937
ChefTap Recipes & Grocery List,0.0
FINAL FANTASY BRAVE EXVIUS,0.058420544564992904
"GPS Speedometer, Distance Meter",0.2951160714285714
Glam - Premium Dating App,0.0
"AD - Nieuws, Sport, Regio & Entertainment",0.06561623049569479
ASUS Gallery,0.0
All Events in City,0.3142873376623377
Daum Mail - Îã§Ïùå Î©îÏùº,0.03325
HD Camera Pro for Android,0.03265625000000001
HOTEL DEALS,0.0
Beautiful Design Birthday Cake,0.24327678571428568
"BestCam Selfie-selfie, beauty camera, photo editor",-0.03760595238095238
"Black Wallpaper, AMOLED, Dark Background: Darkify",0.0
BlueJeans for Android,0.0
Calendar Widget Month + Agenda,0.0075000000000000015
ESPN,0.0
Flipp - Weekly Shopping,0.2508458603896104
GoodRx Drug Prices and Coupons,0.23353571428571424
Google Handwriting Input,0.24140277777777777
Checkers ‚úîÔ∏è,0.058351213023088024
DEAD TARGET: FPS Zombie Apocalypse Survival Games,0.034717844366281864
Google Assistant,0.0
AMC Theatres,0.020354166666666663
Crossy Road,0.19455892538648223
Daniel Tiger for Parents,0.01916666666666667
Genius Scan - PDF Scanner,0.039513609871031745
Beauty Selfie Camera,0.0
Camera360: Selfie Photo Editor with Funny Sticker,0.0
"Cymera Camera- Photo Editor, Filter,Collage,Layout",0.27262152777777776
Dominos Game ‚úîÔ∏è,0.022635146103896102
Free Books - Spirit Fanfiction and Stories,0.0
Gardenscapes,0.021909244374574834
HD Camera for Android,0.24452441406249997
Bubble Shooter Genies,0.011997113997113992
Cheap hotel deals and discounts ‚Äî Hotellook,0.2500069444444445
Create A Superhero HD,0.0
Daily Workouts - Exercise Fitness Routine Trainer,0.02
Dosecast - Medication Reminder,0.2785670826569264
Golden Launcher,0.4817253787878787
ARY NEWS URDU,0.2069119318181818
Candy Crush Saga,0.026484532076719546
Hello Stars,0.11278134920634918
ABCmouse.com,0.16425347222222225
Blinkist - Nonfiction Books,0.0
Cardboard,0.0
Draw In,-0.003354166666666667
DroidAdmin for Android - Advice,0.12302083333333336
FlipaClip - Cartoon animation,0.041264880952380956
GoBank,0.038960813492063484
HTC Gallery,0.022080796807359297
Browser 4G,0.28652107007575756
Chase Mobile,0.04418872397443826
Firefox Browser fast & private,0.08061527305016214
GO Notifier,0.06614165088383837
Barcode Scanner,0.3572998737373737
CityMaps2Go Plan Trips Travel Guide Offline Maps,0.31709577922077925
CppDroid - C/C++ IDE,0.0
Down Dog: Great Yoga Anywhere,0.2869514304388493
Anatomy Learning - 3D Atlas,0.20387920499639253
Elmo Calls by Sesame Street,0.0
Emmanuella Funny Videos 2018,0.0
Extreme Car Driving Simulator,-0.01
Fake Call - Fake Caller ID,0.19952209595959594
"All-In-One Toolbox: Cleaner, Booster, App Manager",0.14703430134680134
Flipboard: News For Our Time,0.041802041997354496
Free Foreclosure Real Estate Search by USHUD.com,-0.028364739312065984
"Gametime - Tickets to Sports, Concerts, Theater",0.35125958994708995
2RedBeans,0.40189419955044947
BeWild Free Dating & Chat App,0.16639905667249416
Black White Interracial Dating - Interracial Match,0.0
"FastMeet: Chat, Dating, Love",0.32266256313131303
AirBrush: Easy Photo Editor,0.08449193722943722
Amazon Drive,0.11686427873883927
Build a Bridge!,0.07589118867243866
CNN Breaking US & World News,0.0551424684772899
Despegar.com Hoteles y Vuelos,0.25713640873015875
DramaFever: Stream Asian Drama Shows & Movies,0.0
Dungeon Hunter Champions: Epic Online Action RPG,-0.034255807849557826
Easy Makeup Tutorials,0.2537742379148629
Fly Delta,0.13522321428571427
Fruit Cube Blast,0.0
Garden Fruit Legend,0.23671874999999995
Hangouts Dialer - Call Phones,0.0
Beautiful Widgets Pro,0.14463465736410303
Butterfly Live Wallpaper,0.27319318181818186
"Color Call - Caller Screen, LED Flash",0.0
Fresh EBT - Food Stamp Balance,0.13576829455266956
HD Video Player,0.18809375
HealtheLife,0.053663690476190476
AT&T Smart Wi-Fi,0.09477435064935065
All Video Downloader 2018,0.3252777777777778
Couch to 10K Running Trainer,0.33737879109977326
Couple - Relationship App,0.08752160144923303
"Free Messages, Video, Chat,Text for Messenger Plus",0.0
Garmin Connect‚Ñ¢,0.1506906114718615
H Pack,0.10824242424242422
Hero Hunters,-0.01625039175234488
Apple Daily ËòãÊûúÂãïÊñ∞ËÅû,0.07035115039281707
Caf - Mon Compte,0.0030303030303030303
Choices: Stories You Play,0.03283644228014632
GUNSHIP BATTLE: Helicopter 3D,0.018892030263908753
Girls Hairstyles,0.0
AutoScout24 Switzerland ‚Äì Find your new car,0.15427202380952382
"Cash, Inc. Money Clicker Game & Business Adventure",0.0
Credit Karma,0.11814761002886001
DRAGON BALL LEGENDS,0.09142532180305003
EMT Review Plus,0.0
Endomondo - Running & Walking,0.0
Fashion in Vogue,0.05209832702020201
Fortune City - A Finance App,0.12814376803751806
Google Slides,0.02333333333333333
Google Street View,-0.024999999999999998
HBO GO: Stream with TV Package,-0.028289889269565015
HTC Sense Input-AR,0.2875963541666667
Amex Mobile,0.1396830266955267
Calls Blacklist - Call Blocker,0.009312175324675325
Docs To Go‚Ñ¢ Free Office Suite,0.18566170634920634
Fallout Shelter,0.1295039008768329
Funny Ringtones,0.0
A Call From Santa Claus!,7.570346320346387E-4
Cinemark Theatres,0.07015540674603174
Colorful Glitter Neon Butterfly Keyboard Theme,0.16512500000000002
Game for KIDS: KIDS match'em,0.0
Gold Butterfly Keyboard Theme,0.42005228061868677
Animal Planet GO,0.14362500000000003
Brightest Flashlight - LED Light,0.0
Cisco Webex Meetings,0.10098759920634921
Fair: A New Way To Own A Car,0.0
BBWCupid - BBW Dating App,0.12373893972189429
Bualuang mBanking,0.0036737163299663477
Calculator - unit converter,0.004583333333333333
Divar,0.17421513887278395
Farm Fruit Pop: Party Time,0.12789648437499995
GialloZafferano: le Ricette,0.0
British Airways,0.11280839002267576
Frozen Free Fall,0.0450792748917749
3D Live Neon Weed Launcher,0.028409090909090905
AirAsia,-0.05439330808080807
Detector de Radares Gratis,0.42858539310152216
Diary with lock,0.19798264793439113
ExDialer - Dialer & Contacts,0.19673077905890407
"Fox News ‚Äì Breaking News, Live Video & News Alerts",0.019112376470331014
"Free TV Shows App:News, TV Series, Episode, Movies",0.25900117243867243
Glowing Flowers Live Wallpaper,0.0
"B√ÅO M·ªöI - ƒê·ªçc B√°o, Tin T·ª©c 24h",0.0920397727272727
Chakra Cleansing,0.42473518668831184
Eat24 Food Delivery & Takeout,0.17161052142302144
Entel,0.018112689393939403
Grim Soul: Dark Fantasy Survival,0.047075515810398115
COOKING MAMA Let's Cook!,0.19702987786023507
Call of Duty:Black Ops Zombies,-0.01215896267361111
ES File Explorer File Manager,0.0
"Hide App, Private Dating, Safe Chat - PrivacyHider",-0.04470117845117846
Adult Dating - AdultFinder,0.0
Apartments.com Rental Search,0.06244763483044733
Archos File Manager,0.08935425685425688
"Breaking News, Local news, Attacks and Alerts Free",0.15105150058275058
Chapters: Interactive Stories,0.13771781239966724
ChatVideo Meet new people,0.2145258387445887
"Delivery Club‚Äì–î–æ—Å—Ç–∞–≤–∫–∞ –µ–¥—ã:–ø–∏—Ü—Ü–∞,—Å—É—à–∏,–±—É—Ä–≥–µ—Ä,—Å–∞–ª–∞—Ç",0.04010345123626375
HTC Speak,0.0050328395562770556
Homesnap Real Estate & Rentals,0.24224200148809527
Anthem Anywhere,-0.07293990124458875
Blood Pressure,0.4338194444444444
Calls & Text by Mo+,0.034999999999999996
HISTORY: Watch TV Show Full Episodes & Specials,0.09573337634812878
Acorns - Invest Spare Change,0.002916666666666667
Baby Panda‚Äôs Juice Shop,0.008124999999999999
Bricks n Balls,0.0
Coloring book moana,0.11580459770114944
Daily Manga - Comic & Webtoon,0.0
Edmodo,0.35363609307359306
FidMe Loyalty Cards & Deals at Grocery Supermarket,0.06057359307359308
All Mental disorders,0.15404307314683283
Color by Number - Draw Sandbox Pixel Art,0.12839184704184703
Cool Reader,0.10245388595779219
Aviary Effects: Classic,0.09069497906762138
Bathroom Decorating Ideas,0.36267578124999994
Buzz Launcher-Smart&Free Theme,0.17204369266646052
Disney Heroes: Battle Mode,-2.499999999999999E-4
Galaxy Attack: Alien Shooter,0.057537925654592294
"2Date Dating App, Love and matching",0.2662538117519735
ADW Launcher 2,0.0
Best Fiends - Free Puzzle Game,0.004062499999999999
Expense IQ Money Manager,0.17631729685245312
Flashlight - Torch LED Light,0.30339384920634915
HD Camera - Quick Snap Photo & Video,0.19366666666666668
Allrecipes Dinner Spinner,0.1255081168831169
Call Free ‚Äì Free Call,0.0
Chess PRO Free,0.0
Essential Resources,0.28293748027146454
Experian - Free Credit Report,0.09929001322751321
FERZU - Furries Social Network,0.08027803515928515
Fandango Movies - Times + Tickets,0.11764655805504023
Fuzzy Seasons: Animal Forest,0.05912662901334775
Garena Free Fire,0.0640710293401399
H TV,0.29456249999999995
"Baca- Berita Terbaru, Informasi, Gosip dan Politik",0.20136221590909092
DELISH KITCHEN - ÁÑ°Êñô„É¨„Ç∑„ÉîÂãïÁîª„ÅßÊñôÁêÜ„ÇíÊ•Ω„Åó„Åè„ÉªÁ∞°Âçò„Å´ÔºÅ,0.24204513888888896
Dollhouse Decorating Games,0.0
Free Dating Hook Up Messenger,0.11783076226490392
Golf GPS by SwingxSwing,0.20467855061605061
Harry Potter: Hogwarts Mystery,0.03477003083513151
Amino: Communities and Chats,0.041640903807574445
"Carousell: Snap-Sell, Chat-Buy",0.0
Cartoon Network App,0.0
Contacts+,0.36800822903947905
Draw.ly - Color by Number Pixel Art Coloring,0.0
Fever,0.0
Fruit Boom,0.0
"AT&T Navigator: Maps, Traffic",0.051693199936224496
Beautiful Widgets Free,0.013460700757575767
Calorie Counter - Macros,0.22890729177858815
Dating for 50 plus Mature Singles ‚Äì FINALLY,0.02909722222222222
Fraction Calculator Plus Free,0.2887967171717172
Geocaching¬Æ,0.0
Google Assistant Go,0.0
HDFC Bank MobileBanking,0.10189258658008656
Blidz - Hunt Free Deals On Trending Items!,0.0
CBS Sports Fantasy,0.16773909550045918
CNBC: Breaking Business News & Live Market Data,0.22912598145318736
Diabetes & Diet Tracker,0.33635526244588737
DigiCal Calendar Agenda,0.09301942791005291
Dresses Ideas & Fashions +3000,0.40282258064516124
Extreme Coupon Finder,0.008308325066137568
Fruit Block - Puzzle Legend,-0.004583333333333333
GS SHOP,0.22722222222222216
Homescapes,0.025793037955402092
Banorte Movil,0.0760491341991342
Best Wallpapers QHD,0.4132200148809524
"BigOven Recipes, Meal Planner, Grocery List & More",0.32822240259740265
Branch,0.264229797979798
Clue,0.0
Dr. Panda Restaurant 3,-0.08284760551948053
Google Trips - Travel Planner,0.0075
"CallApp: Caller ID, Blocker & Phone Call Recorder",0.00976851851851852
ColorSnap¬Æ Visualizer,0.023781250000000004
Cooking Madness - A Chef's Restaurant Games,0.012534346608356095
FREEDOME VPN Unlimited anonymous Wifi Security,0.08625
Google Classroom,0.0
Hipmunk Hotels & Flights,0.47801388888888896
Bancomer m√≥vil,-0.06768585407647906
Barbie Magical Fashion,0.06566789265422077
Bluebird by American Express,0.0
Color Flashlight,0.04835416666666668
Czech Public Transport IDOS,0.17366910173160172
Ebook Reader,0.3339691755726912
GolfLogix GPS + Putt Breaks,-0.07793905197811449
Backgrounds (HD Wallpapers),0.19832381854256856
Caviar - Food Delivery,0.19944041136814572
Etsy: Handmade & Vintage Goods,0.2938182870370371
Free Meditation - Take a Break,0.0
Freeletics: Personal Trainer & Fitness Workouts,0.20940054563492067
Airway Ex - Intubate. Anesthetize. Train.,0.21541835345643942
App vault,-0.015177952621922347
Associated Credit Union Mobile,0.33958122519841266
"Calculator - free calculator ,multi calculator app",0.0
Girls Live Chat - Free Text & Video Chat,0.0
BeSoccer - Soccer Live Score,0.3210916305916306
Chrome Beta,0.22004391384078886
DashClock Widget,8.333333333333332E-4
"FUN Keyboard ‚Äì Emoji Keyboard, Sticker,Theme & GIF",0.077025
HTC Help,0.10620354587542088
AccuWeather: Daily Forecast & Live Weather Reports,0.16057864780618686
BIG Launcher,0.17946566974691974
Calendar+ Schedule Planner App,0.00797676282051282
"Dolphin Browser - Fast, Private & Adblocküê¨",0.0
Fate/Grand Order (English),0.030440465350621587
"Hily: Dating, Chat, Match, Meet & Hook up",0.028711805555555563
"Blendr - Chat, Flirt & Meet",0.0
Curriculum vitae App CV Builder Free Resume Maker,0.37401830808080805
EliteSingles ‚Äì Dating for Single Professionals,0.0
"Hole19: Golf GPS App, Rangefinder & Scorecard",0.1053640873015873
3D Color Pixel by Number - Sandbox Art Coloring,0.0
ASUS SuperNote,0.11085506854256852
Chess School for Beginners,0.0
Dog Run - Pet Dog Simulator,0.08340162037037037
Easy Hair Style Design,0.49020370370370353
FotMob - Live Soccer Scores,0.0
Free Live Talk-Video Call,-0.0025
GPS Speedometer - Trip Meter - Altimeter,0.0
GRE Tutor,0.38637657828282834
Happify,0.02188967803030303
Headspace: Meditation & Mindfulness,0.029369791666666666
AC - Tips & News for Android‚Ñ¢,0.08611448187229435
AppLock,7.758387445887457E-4
Bangla Newspaper ‚Äì Prothom Alo,0.1608854166666667
Goku Wallpaper Art,0.4062797619047619
"Canva: Poster, banner, card maker & graphic design",0.19334759048821548
Girly Wallpapers Backgrounds,0.0
1800 Contacts - Lens Store,0.31814477362914867
ConnectLine,0.131111047389284
Cozi Family Organizer,0.0
Crunchyroll - Everything Anime,0.1671967893217893
"Evernote ‚Äì Organizer, Planner for Notes & Memos",0.05171884073560506
"Any.do: To-do list, Calendar, Reminders & Planner",0.11531549701951488
BaBe Lite - Baca Berita Hemat Kuota,0.10218750000000001
Been Together (Ad) - D-day,0.0
"Chat Rooms, Avatars, Date - Galaxy",0.12769854916647683
Chess for Kids - Play & Learn,0.0
FOX,0.2086344246031746
Flight & Hotel Booking App - ixigo,0.28134523809523804
BLK - Swipe. Match. Chat.,0.30767763519549235
BaBe - Baca Berita,0.07005208333333332
CDL Practice Test 2018 Edition,0.1446755952380952
Candy Smash,0.15726736111111111
Doctor Pets,0.13504166666666667
DreamTrips,0.31558526109307367
File Manager,0.018504024621212124
Ada - Your Health Guide,0.22781433066716267
Coloring & Learn,0.3931311553030303
Cycling - Bike Tracker,0.22009176587301588
Eurosport,0.046592329545454544
Filters for B Live,0.1260132575757576
FlirtChat - ‚ô•Free Dating/Flirting App‚ô•,0.3683685064935065
Free Dating App - Meet Local Singles - Flirt Chat,-0.0421478851010101
BBW Dating & Curvy Singles Chat- LargeFriends,0.16988510101010101
Cat Sim Online: Play with Cats,0.10514661696810138
"Expedia Hotels, Flights & Car Rental Travel Deals",0.07439372519841272
Girly Lock Screen Wallpaper with Quotes,0.0
Google Pay,0.09967029894708469
All Language Translator Free,0.29458766233766226
BET NOW - Watch Shows,0.04597926812770563
Blogger,0.11494094516594518
Calorie Counter - MyNetDiary,0.2612101869360798
Casual Dating & Adult Singles - Joyride,0.0
GPS Navigation & Offline Maps Sygic,0.0
Enterprise Rent-A-Car,0.24928622534872535
"GO Weather - Widget, Theme, Wallpaper, Efficient",0.1833700150218705
HESI A2 Pocket Prep,0.2843601190476191
Fooducate Healthy Weight Loss & Calorie Counter,0.3276506541063394
Houzz Interior Design Ideas,0.0
"Android Auto - Maps, Media, Messaging & Voice",0.20919974994416962
DreamWorks Friends,-0.0014751683501683433
Easy Installer - Apps On SD,-0.008882575757575756
HD Movie Video Player,0.146968253968254
"Herpes Dating: 1,000K+ Singles",0.13928664353999176
Best New Ringtones 2018 Free üî• For Android‚Ñ¢,0.0
CheckPoints üèÜ Rewards App,0.2723523854617605
Chefkoch - Rezepte & Kochen,0.0
Foursquare City Guide,0.14019507575757573
Google Play Movies & TV,0.0
AppLock - Fingerprint,0.09972126924001921
Battlelands Royale,0.035961513415008486
Business Calendar 2,0.12965459656084657
Candy Day,0.1828411458333333
Facebook Ads Manager,0.17575955988455988
Filters for Selfie,0.062445833333333346
Hairstyles step by step,0.3814395833333333
Herpes Positive Singles Dating,0.21465516774891782
95Live -SG#1 Live Streaming App,0.06727727272727274
Asteroids 3D live wallpaper,0.19648140803325465
Bloomberg: Market & Financial News,0.044705447330447325
Calorie Counter - MyFitnessPal,0.20960287084208437
"Free Dating App - YoCutie - Flirt, Chat & Meet",0.08690419823232323
104 ÊâæÂ∑•‰Ωú - ÊâæÂ∑•‰Ωú ÊâæÊâìÂ∑• ÊâæÂÖºËÅ∑ Â±•Ê≠∑ÂÅ•Ê™¢ Â±•Ê≠∑Ë®∫ÁôÇÂÆ§,0.39240456349206354
Angry Birds Rio,-0.012650381990969798
Dil Mil,-0.05396007282647908
Calorie Counter & Diet Tracker,0.22093891991476486
Chick-fil-A,0.0
Geo Tracker - GPS tracker,0.0
Google Duo - High Quality Video Calls,0.12856041666666665
Hangouts,0.13032445211038962
"High-Speed Camera (GIF,Burst)",0.2352083333333333
Binaural Beats Meditation,0.35351810515873006
Candy Bomb,0.2946628787878788
Candy Crush Soda Saga,-0.052639859494057174
Eat Fit - Diet and Health Free,0.2446274801587302
Equestria Girls,0.034988026892812066
Free Dating & Flirt Chat - Choice of Love,0.014422348484848486
ASUS Cover for ZenFone 2,0.011458333333333333
ASUS Sound Recorder,0.20670833333333333
Adobe Acrobat Reader,0.1214873449274491
Angry Birds 2,-0.0018974885068635057
Comptia A+ 220-901 & 220-902,0.2104779158040027
"Dailyhunt (Newshunt) - Latest News, Viral Videos",-0.006614583333333335
Goibibo - Flight Hotel Bus Car IRCTC Booking App,0.3920938552188552
Hamilton ‚Äî The Official App,0.1427698895846217
Hinge: Dating & Relationships,0.1299889670514671
Hiya - Caller ID & Block,0.0
Azpen eReader,0.17438616071428573
BBVA Compass Banking,0.1490529127370645
Babbel ‚Äì Learn Spanish,0.29764559659090917
Bus Rush: Subway Edition,0.0
Cash App,0.0
Dinosaur Simulator: Dino World,-0.004270833333333335
Fantasy Football Manager (FPL),0.25489033189033183
Find Real Love ‚Äî YouLove Premium Dating,0.0
FreshBooks Classic,0.09426002172430743
Henry Danger Crime Warp,0.0
"Hola Launcher- Theme,Wallpaper",0.0
365Scores - Live Scores,0.07670454545454546
"APUS Launcher - Theme, Wallpaper, Hide Apps",0.3467916666666667
American Airlines,-0.04148776079244829
Binaural Beats Therapy,0.27618703403078393
Camera51 - a smarter camera,0.0
Cut the Rope FULL FREE,0.01012926941609977
Dashlane Free Password Manager,0.008537698412698413
Doodle Jump,0.10226700261544013
"FOX Sports: Live Streaming, Scores & News",0.12921822390572393
Golf Channel,-0.025728535353535358
Banco do Brasil,0.22347267316017314
CareZone,0.0
Dragon Sim Online: Be A Dragon,0.0
Abs Training-Burn belly fat,0.19567694100604255
Baby Panda Care,0.10751183712121212
Credit Sesame,0.08272968749999997
Die TK-App ‚Äì alles im Griff,0.1006374007936508
Free Panda Radio Music,0.0375
Grubhub: Food Delivery,0.11660236291486292
BEYBLADE BURST app,-0.012534656315906311
C++ Tutorials,0.47783333333333333
Endless Numbers,0.0
Facebook Lite,0.004026904085497834
Beauty Camera - Selfie Camera,0.17999429563492067
Dolphins Live Wallpaper,0.0
Free live weather on screen,0.3745456800144299
GPS Speedometer and Odometer,0.06875
Golden Dictionary (EN-AR),0.3149166666666666
Hello Kitty Lunchbox,-0.04481062860750361
Best Buy,0.0
Betterment,0.14575219763259928
"GO Keyboard - Cute Emojis, Themes and GIFs",0.16232812500000002
Helix Jump,0.08813977594838764
3D Blue Glass Water Keyboard Theme,0.0
All Football - Latest News & Videos,0.3456506358225109
Azar,0.06293150444173878
BBW Dating & Plus Size Chat,0.12030943362193362
Cars: Lightning League,0.0
"Emoji Keyboard - Cute Emoji,GIF, Sticker, Emoticon",0.0
HTC Calendar,-0.002821969696969698
Baby Tiger Care - My Cute Virtual Pet Friend,0.043916666666666666
CWT To Go,0.2724136904761905
Flipkart Online Shopping App,0.2040684523809524
Four In A Line Free,0.13554484126984126
Honkai Impact 3rd,0.08553821756946757
Breathing Zone,0.0
Dice With Buddies‚Ñ¢ Free - The Fun Social Dice Game,0.0
Faustop Sounds,0.0
Google,0.23788837031024537
HD Widgets,0.12566849489795917
CBS - Full Episodes & Live TV,0.0
DEER HUNTER 2018,-0.0115
EyeEm - Camera & Photo Filter,0.3127104891636141
Amazon for Tablets,0.04556802398989898
Chime - Mobile Banking,0.0
Doctor On Demand,0.3495869295634921
Dumb Ways to Die 2: The Games,0.024353236607142857
AdWords Express,0.12007291666666667
Amazon Kindle,0.055660419114127516
Google My Business,0.2617253787878788
Hideman VPN,0.09448472823472824
Family GPS tracker KidControl + GPS by SMS Locator,0.1668602045379389
Flashlight & LED Torch,0.15608333333333332
Flowers Live Wallpaper,0.16927272727272727
Google Docs,0.0
7 Cups: Anxiety & Stress Chat,0.06923958333333334
AP Mobile - Breaking News,0.15044938105875602
Blitzer.de,0.0
CreditWise from Capital One,0.22748157918470416
English with Lingualeo,0.027033730158730156
FP Notebook,0.0
HotelTonight: Book amazing deals at great hotels,0.23206290784832448
Acupuncture Assistant,0.0
Buscap√© - Ofertas e descontos,0.0353125
Digit Save Money Automatically,0.17517241612554119
1LINE ‚Äì One Line with One Touch,0.18647578463203457
Calculator Plus Free,0.008333333333333335
EatStreet Food Delivery App,0.34660373827561325
Fruit Ninja¬Æ,0.047986309523809514
"Groupon - Shop Deals, Discounts & Coupons",0.2859407354797981
Black People Meet Singles Date,0.0851292890348288
CM FILE MANAGER HD,0.0
Dairy Queen,0.014205729166666667
Gyft - Mobile Gift Card Wallet,-0.055893552508390364
Hitwe - meet people and chat,-0.030127604166666665
Block Puzzle,0.01734192950482857
Couch to 5K by RunDouble,0.2703932616986188
Easy Origami Ideas,0.08453472222222222
EzCalculator,0.358881470959596
Files Go by Google: Free up space on your phone,0.10202221620971619
"Apartment List: Housing, Apt, and Property Rentals",0.27402343749999997
Atlan3D Navigation: Korea navigator,0.25036577831890333
BioLife Plasma Services,0.1448110119047619
Cougar Dating Life : Date Older Women Sugar Mummy,0.30395602453102444
"Domofond –ù–µ–¥–≤–∏–∂–∏–º–æ—Å—Ç—å. –ö—É–ø–∏—Ç—å, —Å–Ω—è—Ç—å –∫–≤–∞—Ä—Ç–∏—Ä—É.",0.15665795031179644
Google Translate,0.0014829396325459316
AlReader -any text book reader,0.23941240530303035
"Amazon FreeTime ‚Äì Kids‚Äô Videos, Books, & TV shows",0.2797179715709127
Anthem BC Anywhere,-0.09550595238095236
Baby Sleep: White noise lullabies for newborns,0.0
Blossom Blast Saga,-0.012356985028860016
Chilindo,0.0
Davis's Drug Guide,-0.0075000000000000015
English Grammar Complete Handbook,0.0
Glide - Video Chat Messenger,0.0
Hay Day,0.011762659944222442
8fit Workouts & Meal Planner,0.2476395477593394
BeyondMenu Food Delivery,0.38830555555555546
Daily Yoga - Yoga Fitness Plans,0.025701764670514674
GMAT Question Bank,0.22856493506493503
Google Play Games,0.0
HTC Service Ôºç DLNA,0.016999442918192918
BeyondPod Podcast Manager,0.11245826529001753
Curso de Ingles Gratis,0.4624097222222222
Fruits Bomb,0.1158610347985348
All Maths Formulas,0.2925751488095238
Blibli.com Belanja Online,0.0
Facebook Local,0.11693648609420096
Flow Free,0.05808504309759451
APE Weather ( Live Forecast),0.3566666666666666
Babbel ‚Äì Learn Languages,0.1566544612794613
English Dictionary - Offline,0.0
Family Dollar,0.2113812567640693
Fertility Friend Ovulation App,0.0
HD Camera - Best Cam with filters & panorama,0.06701388888888889
Color Touch Effects,0.10993439980158733
Cookbook Recipes,0.5230292602362916
DC Super Hero Girls‚Ñ¢,0.28390767045454535
Goal Live Scores,0.1769290584415584
H&M,0.016790773559002735
HTC Sense Input,0.02466815476190476
Amazon Prime Video,0.02305555555555556
ClassDojo,0.0
Coupons.com ‚Äì Grocery Coupons & Cash Back Savings,0.0
Diary with lock password,0.14783590084158266
Fat Burning Workout - Home Weight lose,0.15774210858585858
HTC Service‚ÄîVideo Player,0.04057624994905271
Call Control - Call Blocker,0.0
Capital One¬Æ Mobile,0.0
Daily Mail Online,0.0
Baby Panda Musical Genius,0.21067823322510826
Best Car Wallpapers,-0.003999999999999998
FindShip,0.0853816287878788
Fun Kid Racing - Motocross,0.1430965909090909
Garden Photo Frames - Garden Photo Editor,0.3335833333333333
Google Drive,0.0
2018Emoji Keyboard üòÇ Emoticons Lite -sticker&gif,0.3596527777777777
A Manual of Acupuncture,0.0
ACE Elite,0.20541369047619046
Card Wars - Adventure Time,0.0
Digg,0.03522775974025975
Food Network,0.025164936192279934
Aviary Stickers: Free Pack,0.05282891113516114
Farming Simulator 18,0.06285545409451657
Fast News,0.3376458333333333
Flashlight HD LED,0.32784789862914865
Google Primer,0.0375
ABC Preschool Free,0.20094661458333332
Chictopia,0.0
Citibanamex Movil,0.13901824494949494
DC Comics,0.4309285263347763
Age Calculator,0.10510642135642137
BZWBK24 mobile,0.1879574675324675
Duolingo: Learn Languages Free,0.179780505952381
Granny,0.009257144329802292
GroupMe,0.1025326112689394
All Social Networks,-0.0904487058080808
BeautyPlus - Easy Photo Editor & Selfie Camera,0.0075
Bukalapak - Jual Beli Online,0.005301117037724182
Cheap Flights & Hotels momondo,0.1713194444444444
Door Lock Screen,0.5037061011904762
ForecaWeather,0.3428614267676768
Gmail,0.05710648148148147
Alarm Clock Free,0.13239750874125875
Booking.com Travel Deals,0.014176835317460328
FBReader: Favorite Book Reader,0.27076219093406595
Free & Premium VPN - FinchVPN,0.06747734377542884
GMAT Math Flashcards,0.36975785195707067
4 in a Row,0.05622870370370369
Allegiant,0.017499999999999998
B612 - Beauty & Filter Camera,0.016356425583964655
Cache Cleaner-DU Speed Booster (booster & cleaner),0.18103871302308802
Clover Dating App,0.0
DStv Now,0.022565067527958158
Amtrak,-0.027577139378478676
Google News,0.0889854883872741
Asphalt 8: Airborne,0.003248799829849287
Baby ABC in box! Kids alphabet games for toddlers!,0.2633571428571429
Bed Time Fan - White Noise Sleep Sounds,0.01953125
Geometry Dash World,0.0
Hotspot Shield Free VPN Proxy & Wi-Fi Security,0.21399999999999997
21-Day Meditation Experience,0.24697201178451184
BBC Sport,0.10154202741702742
Camera FV-5 Lite,0.0
"DU Recorder ‚Äì Screen Recorder, Video Editor, Live",0.1300284117965368
Dog Sim Online: Raise a Family,0.017529423701298702
HTC Weather,0.06393108908913356
10 Best Foods for You,0.44474467442279947
ARY NEWS,0.19283901515151516
Badoo - Free Chat & Dating App,0.12842762445887448
Color Road,-0.05708618712636569
Cookpad,0.23169309163059165
Baby Panda Learns Shapes,0.22897172619047615
Banque Populaire,0.014544941603535356
ClearCareGo Caregiver,0.0
Colorfit - Drawing & Coloring,0.16324415504838302
Easy Healthy Recipes,0.4170036045943303
Episode - Choose Your Story,0.0708955731492934
Google Ads,0.1332604700854701
Guns of Glory,-0.15093542568542578
A Word A Day,0.02772727272727273
Baby puzzles,0.06757486635186437
Calculator ++,0.0
Cloud Print,0.0
Full Screen Caller ID,0.2627694128787879
Horoscopes ‚Äì Daily Zodiac Horoscope and Astrology,0.23127550054112556
591ÊàøÂ±ã‰∫§Êòì-È¶ôÊ∏Ø,0.05279605263157895
Banjo,0.21462441152597406
Beauty Makeup Snappy Collage Photo Editor - Lidow,0.01532142857142857
EMT-B Pocket Prep,0.0
Font Studio- Photo Texts Image,0.06745461309523809
"GCash - Buy Load, Pay Bills, Send Money",0.02317634703621032
Camera ZOOM FX - FREE,0.0
"Candy selfie - photo editor, live filter camera",0.3075580357142857
Creative Ideas - DIY & Craft,0.0
DU Browser‚ÄîBrowse fast & fun,0.1772660982370804
Disney Crossy Road,0.0
Fantasy Football & NFL News,0.3430549843674844
"GO SMS Pro - Messenger, Free Themes, Emoji",0.13161737914862914
Homestyler Interior Design & Decorating Ideas,0.12909715670766247
Hopper - Watch & Book Flights,0.16914199931931606
Ascape VR: 360¬∞ Virtual Travel,0.06793402777777778
Block Craft 3D: Building Simulator Games For Free,0.0
Blood Pressure Log - MyDiary,0.3135636078042327
"Ebates: Cash Back, Coupons, Rewards & Savings",0.21069870580808078
Educational Games for Kids,0.2759007936507936
Fishdom,0.04039377544868224
Ancestry,0.24318303155384627
Coursera: Online courses,0.0
FarmersOnly Dating,0.0
Flashlight,0.17736253720238093
Fun Kid Racing,0.22253409090909085
Futbol24,0.0
GRE Prep & Practice by Magoosh,0.34921414141414137
Groovebook Photo Books & Gifts,0.15461523334081112
Hotwire Hotel & Car Rental App,0.1542992931547619
Etta Homes,0.33600694444444446
Four In A Line,0.1676577419108669
Google Sheets,0.0
HipChat - Chat Built for Teams,-0.031207998350855505
"Home workouts - fat burning, abs, legs, arms,chest",0.08964409722222222
Fancy,0.0
Baby Name Together,0.26453670634920634
Educational Games 4 Kids,0.18464154942279942
EyeCloud,0.1142490906084656
Firefox Focus: The privacy browser,0.1577206721230159
FreePrints ‚Äì Free Photos Delivered,0.40156299678330926
Happy Street,0.029473849826388888
Acorn TV: World-class TV from Britain and Beyond,0.04948357458513709
Aprender ingl√©s con Wlingua,0.27973506493506495
Claro,-0.06848809523809521
FOX NOW - On Demand & Live TV,0.046131327726403056
Free VIN Report for Used Cars,0.27000290404040406
BluTV,0.17517545995670997
CM Locker - Security Lockscreen,0.20271673108637395
"Chispa, the Dating App for Latino, Latina Singles",0.0
Dino War: Rise of Beasts,0.03991748157596372
DoorDash - Food Delivery,0.07240710302429053
Fuelio: Gas log & costs,0.383761084054834
GMX Mail,0.25503530844155836
7 Day Food Journal Challenge,0.04261755952380952
Best Ovulation Tracker Fertility Calendar App Glow,0.0148828125
Cute Pet Puppies,0.0
Bowmasters,0.059359229780380954
Color by Number ‚Äì New Coloring Book,0.16852544417388168
Hill Climb Racing,0.018199830001976763
Agoda ‚Äì Hotel Booking Deals,0.41958928571428566
Content Transfer,0.16304728178360992
Health and Nutrition Guide,0.31320861678004547
Home Workout - No Equipment,0.21992870670995668
Citi Mobile¬Æ,-0.043834821428571424
ClickMeeting Webinars,0.0
Disney Magic Kingdoms: Build Your Own Magical Park,0.051129922470882286
EMT Tutor NREMT-B Study Guide,0.0
Family GPS Tracker and Chat + Baby Monitor Online,0.3861274801587303
Feed Baby - Baby Tracker,0.0
Free Hypnosis,0.09535175527597403
Apex Launcher,0.07405789479617601
Bedroom Decorating Ideas,0.0
"Candy Camera - selfie, beauty camera, photo editor",0.1855140241702742
Crew - Free Messaging and Scheduling,0.4173319523358586
DisneyNOW ‚Äì TV Shows & Games,0.1606436680259225
DreamMapper,0.0
"Free phone calls, free texting SMS on free number",0.20664378156565655
"AliExpress - Smarter Shopping, Better Living",0.01439270457551708
AndroZip‚Ñ¢ FREE File Manager,0.10189030032467535
"Best Wallpapers Backgrounds(100,000+ 4K HD)",0.07510732323232323
Calorie Counter - EasyFit free,0.3219265640395409
Coupon Sherpa,0.0
Elevate - Brain Training Games,0.0
Find a Way: Addictive Puzzle,0.015122174873737373
"Homes.com üè† For Sale, Rent",0.12514204545454544
Hello Kitty Nail Salon,0.04667657227032228
Baritastic - Bariatric Tracker,0.4182767368626745
"BiggerCity: Chat for gay bears, chubs & chasers",0.21167546399141793
DSLR Camera Hd Ultra Professional,0.07310416666666666
Castlight Mobile,0.0
Farming Simulator 14,0.012352183479136605
Hotels Combined - Cheap deals,0.14470684523809524
ASOS,0.26145622519841266
Akinator,-0.0169291075235167
Bubble Witch 3 Saga,0.05168006973392018
CarMax ‚Äì Cars for Sale: Search Used Car Inventory,0.0
Clash of Clans,0.003220023101347506
Ever After High‚Ñ¢ Charmed Style,0.0
Game of Thrones: Conquest‚Ñ¢,0.04475
Ghostery Privacy Browser,0.0
Google+,0.01840277777777778
Avakin Life - 3D virtual world,0.052247129791204466
Chicago Tribune,0.0
Current debit card and app made for teens,0.3272583733540765
English to Urdu Dictionary,0.0
Facetune - Ad Free,0.14842357890125746
Airbnb,0.05858012335300281
"HSL - Tickets, route planner and information",0.0
Happy Birthday Songs Offline,0.15499999999999997
Haystack TV: Local & World News - Free,0.09928125
Barclays US for Android,0.0179280039983165
Couchsurfing Travel App,0.2294404716810967
"Foot Mercato : transferts, r√©sultats, news, live",0.325473611111111
Home Decor Showpiece Art making: Medium Difficulty,0.1199166666666667
Baby Monitor,0.2425166170634921
Bible,0.3535905742694805
Castle Clash: Heroes of the Empire US,0.0
Classical music for baby,0.0
FREE Stock Market Trading Tips,0.0
ASUS Quick Memo,0.0014583333333333332
Fox Business,0.08029658189033191
Free Dating App & Flirt Chat - Cheers,0.24154103535353538
Google Keep,0.10143353670139388
Graphing Calculator,0.24275694444444446
HomeWork,0.025
Anime Manga Coloring Book,0.2165944602272727
Google Voice,0.015247928503787877
Freeme Launcher‚ÄîStylish Theme,0.2786875
High Blood Pressure Symptoms,0.3880685763888888
30 Day Fitness Challenge - Workout at Home,0.2584910768794698
Account Manager,-0.07229904232052668
Airport + Flight Tracker Radar,0.049106646825396824
BaconReader for Reddit,0.1881712163932559
Calculator,0.0
Cisco Webex Teams,0.12504312469937467
Agar.io,-0.04499285203222704
"AllTrails: Hiking, Running & Mountain Bike Trails",0.0
Boxed Wholesale,0.28700849999248434
Debonairs Pizza,0.006979166666666673
Delta Dental,-0.0689764384920635
English Grammar Test,0.0
GoPro (formerly Capture),-0.005981209576633684
HTC File Manager,0.04669823232323232
Dr. Oetker Rezeptideen,0.28534288847117795
Easy Recipes,0.27053819444444444
Family Locator - GPS Tracker,0.29353213469731315
FamilySearch Tree,0.15699437267015395
Hot or Not - Find someone right now,0.0
ADP Mobile Solutions,0.0
Bubble Shooter Space,0.11095833333333334
DIY Garden Ideas,0.37743750000000004
Final Fantasy XV: A New Empire,-0.018464680487228068
HD Camera,0.0
Asana: organize team projects,0.12397193640713863
BBM - Free Calls & Messages,0.1351203458271329
7 Weeks - Habit & Goal Tracker,0.0418967698967699
"Apartment, Home Rental Search: Realtor.com Rentals",-0.002333062770562761
Big Days - Events Countdown,0.25687235449735446
Do It Later: Tasks & To-Dos,0.14297192159692163
Draw A Stickman,-0.0015000000000000002
GasBuddy: Find Cheap Gas,0.2703305375180375
Hostelworld: Hostels & Cheap Hotels Travel App,0.20590251365697795
Blur Image Background,0.10249739583333332
GPS Status & Toolbox,0.3483144841269841
Camera for Android,0.0
Chegg Study - Homework Help,0.0
Galaxy Live Wallpaper,0.0
Google Photos,0.12100226155823371
A+ Gallery - Photos & Videos,0.0856141156462585
Apartment Decorating Ideas,0.006125
Apartments & Rentals - Zillow,0.1611454274891775
BBC Media Player,-0.01419523358585858
CAIXA,-0.07941261724386724
11st,0.18129421446608945
"Dating App, Flirt & Chat : W-Match",0.04525
Dunkin' Donuts,0.16881526662511598
Facebook,-0.009607818324172759
Find Dining Restaurant Finder,0.059406887755102035
Flip the Gun - Simulator Game,-0.005455492424242428
HauteLook,0.14197023809523807
Chess Free,0.0
DINO HUNTER: DEADLY SHORES,0.020725478940071866
Events High - Meet Your City!,0.0
File Manager -- Take Command of Your Files Easily,0.11805555555555555
Flights,0.0913673566017316
Golfshot: Golf GPS + Tee Times,0.34424886363636364
A&E - Watch Full Episodes of TV Shows,0.11206281565656566
Adobe Photoshop Express:Photo Editor Collage Maker,0.0952646013708514
Camera FV-5,0.0
Easy Voice Recorder,0.4249411255411256
Funny Pics,0.05763102002164503
ASUS Calling Screen,0.037898358585858584
Bad Piggies,0.006042590757894072
Bloglovin',0.13060369600018037
Bubble Shooter 2,0.03916666666666667
Caller ID +,0.008749999999999999
Common Core,-0.0017621559987631434
FanDuel: Daily Fantasy Sports,0.09144796176046177
Fitbit,0.036833198051948055
GRE Flashcards,0.2358497587481963
Hot Wheels: Race Off,-0.002209724476911974
Add Text To Photo,0.19524776034151037
Blood Pressure(BP) Diary,0.08768325424575425
ConvertPad - Unit Converter,0.22344972943722938
"Even - organize your money, get paid early",0.09937499999999999
FREE LIVE TALK,0.0
"Face Filter, Selfie Editor - Sweet Camera",0.08256944444444445
